date,fw,ran,forced,skipped,heating,insufficient,other,test_min,heat_min
2026-08-28,1.2.4,30,0,0,13,17,0,45.0,260.3
2026-08-29,1.2.4,53,0,0,4,49,0,79.5,1.9
2026-08-30,1.2.4,23,0,0,11,12,0,34.5,345.8
2026-08-31,1.2.4,35,0,0,22,13,0,52.5,199.9
2026-09-01,1.2.4,27,0,0,18,9,0,40.5,295.2
2026-09-02,1.2.4,42,0,0,16,26,0,63.0,127.6
2026-09-03,1.2.4,23,0,0,16,7,0,34.2,354.6
2026-09-04,1.2.4,43,0,0,14,29,0,64.6,112.8
2026-09-05,1.2.4,19,0,0,10,9,0,28.5,389.8
2026-09-06,1.2.4,16,0,0,3,13,0,24.0,426.0
2026-09-07,1.2.4,29,0,0,21,8,0,43.5,277.5
2026-09-08,1.2.4,53,0,0,0,53,0,79.5,0.0
2026-09-09,1.2.4,35,0,0,16,19,0,52.5,202.9
2026-09-10,1.2.4,25,0,0,12,13,0,37.5,318.7
2026-09-11,1.2.4,29,0,0,18,11,0,43.5,274.8
2026-09-12,1.2.4,22,0,0,15,7,0,33.0,350.6
2026-09-13,1.2.4,32,0,0,11,21,0,48.0,242.5
2026-09-14,1.2.4,29,0,0,16,13,0,43.5,270.9
2026-09-15,1.2.4,33,0,0,9,24,0,49.5,227.6
2026-09-16,1.2.4,24,0,0,17,7,0,36.0,87.2
2026-09-17,1.2.4,37,0,0,16,21,0,55.5,179.1
2026-09-18,1.2.4,29,0,0,10,19,0,43.5,273.5
2026-09-19,1.3.1,24,0,1,11,13,0,36.0,179.0
2026-09-20,1.3.1,18,1,3,16,3,0,28.6,244.9
2026-09-21,1.3.1,11,1,4,5,7,0,18.0,387.3
2026-09-22,1.3.1,11,2,3,8,5,0,19.5,369.4
2026-09-23,1.3.1,18,1,2,14,5,0,28.5,274.3
2026-09-24,1.3.1,21,1,4,12,10,0,33.0,229.9
2026-09-25,1.3.1,20,1,3,12,9,0,31.5,258.8
2026-09-26,1.3.1,15,1,4,10,6,0,24.0,302.7
